Object_ID, Length, Assignment
NODE_1_length_11857_cov_142.447980,11857,37124
NODE_2_length_11379_cov_44.184858,11379,218849
NODE_3_length_11335_cov_43.923903,11335,218849
NODE_4_length_11016_cov_55.943982,11016,1972570
NODE_5_length_10101_cov_31.123155,10101,1302179
NODE_6_length_10084_cov_30.039656,10084,1302179
NODE_7_length_9222_cov_14.870259,9222,390845
NODE_8_length_6671_cov_18.083207,6671,NA
NODE_9_length_6011_cov_11.953351,6011,NA
NODE_10_length_5387_cov_29.013737,5387,NA
NODE_11_length_5110_cov_33.401628,5110,NA
NODE_12_length_5090_cov_39.203707,5090,NA
NODE_13_length_4992_cov_23.092092,4992,NA
NODE_14_length_4866_cov_12.839975,4866,NA
NODE_15_length_4861_cov_63.075188,4861,NA
NODE_16_length_4857_cov_14.000209,4857,NA
NODE_17_length_4704_cov_14.832865,4704,NA
NODE_18_length_4644_cov_6.820389,4644,NA
NODE_19_length_4593_cov_10.424558,4593,NA
NODE_20_length_4580_cov_5.814511,4580,NA
NODE_21_length_4473_cov_383.798409,4473,NA
NODE_22_length_4424_cov_10.420823,4424,NA
NODE_23_length_4215_cov_11.139305,4215,NA
NODE_24_length_4208_cov_22.664571,4208,NA
NODE_25_length_4199_cov_8.430441,4199,NA
NODE_26_length_4192_cov_11.633649,4192,NA
NODE_27_length_4129_cov_8.163462,4129,NA
NODE_28_length_4078_cov_10.399001,4078,NA
NODE_29_length_4037_cov_11.530272,4037,NA
NODE_30_length_3976_cov_15.016654,3976,NA
NODE_31_length_3905_cov_16.718424,3905,NA
NODE_32_length_3834_cov_10.249402,3834,NA
NODE_33_length_3805_cov_17.785906,3805,NA
NODE_34_length_3801_cov_17.985247,3801,NA
NODE_35_length_3765_cov_22.884345,3765,NA
NODE_36_length_3742_cov_16.987735,3742,NA
NODE_37_length_3726_cov_177.301670,3726,NA
NODE_38_length_3725_cov_5.828861,3725,NA
NODE_39_length_3724_cov_6.662010,3724,NA
NODE_40_length_3691_cov_42.294362,3691,NA
NODE_41_length_3682_cov_16.570795,3682,NA
NODE_42_length_3613_cov_10.084181,3613,NA
NODE_43_length_3582_cov_6.633514,3582,NA
NODE_44_length_3561_cov_9.547018,3561,NA
NODE_45_length_3492_cov_18.784440,3492,NA
NODE_46_length_3470_cov_12.957315,3470,NA
NODE_47_length_3461_cov_9.716942,3461,NA
NODE_48_length_3443_cov_30.449852,3443,NA
NODE_49_length_3421_cov_49.017921,3421,NA
NODE_50_length_3393_cov_12.313554,3393,NA
NODE_51_length_3368_cov_12.664340,3368,NA
NODE_52_length_3358_cov_80.356469,3358,NA
NODE_53_length_3321_cov_2185.346675,3321,NA
NODE_54_length_3312_cov_11.884224,3312,NA
NODE_55_length_3278_cov_36.109204,3278,NA
NODE_56_length_3249_cov_11.667506,3249,NA
NODE_57_length_3248_cov_9.838110,3248,NA
NODE_58_length_3237_cov_12.637484,3237,NA
NODE_59_length_3219_cov_8.175143,3219,NA
NODE_60_length_3210_cov_12.192541,3210,NA
NODE_61_length_3161_cov_9.241904,3161,NA
NODE_62_length_3151_cov_6.558804,3151,NA
NODE_63_length_3150_cov_10.907702,3150,NA
NODE_64_length_3063_cov_5.720401,3063,NA
NODE_65_length_3032_cov_5.122001,3032,NA
NODE_66_length_2754_cov_21.478926,2754,NA
NODE_67_length_2748_cov_6.311776,2748,NA
NODE_68_length_2386_cov_11.085603,2386,NA
NODE_69_length_2138_cov_29.229056,2138,NA
NODE_70_length_2128_cov_40.709489,2128,NA
NODE_71_length_2115_cov_908.424584,2115,NA
NODE_72_length_1870_cov_493.833612,1870,NA
NODE_73_length_1836_cov_5.128758,1836,NA
NODE_74_length_1765_cov_23.666076,1765,NA
NODE_75_length_1667_cov_6.651819,1667,NA
NODE_76_length_1608_cov_29.927036,1608,NA
NODE_77_length_1448_cov_40.112000,1448,NA
NODE_78_length_1422_cov_40.422535,1422,NA
NODE_79_length_1383_cov_10.243511,1383,NA
NODE_80_length_1368_cov_6.020077,1368,NA
NODE_81_length_1331_cov_58.822734,1331,NA
NODE_82_length_1298_cov_35.087347,1298,NA
NODE_83_length_1277_cov_31.071429,1277,NA
NODE_84_length_1249_cov_113.001701,1249,NA
NODE_85_length_1138_cov_89.049765,1138,NA
NODE_86_length_1120_cov_13.037249,1120,NA
NODE_87_length_1114_cov_7.023055,1114,NA
NODE_88_length_1045_cov_68.720165,1045,NA
NODE_89_length_1039_cov_5.412008,1039,390845
NODE_90_length_1025_cov_5.007353,1025,390845
NODE_91_length_1011_cov_8.958422,1011,NA
NODE_92_length_1007_cov_11.940043,1007,NA
NODE_93_length_988_cov_27.565027,988,NA
NODE_94_length_987_cov_21.909190,987,NA
NODE_95_length_982_cov_18.031903,982,NA
NODE_96_length_975_cov_88.949002,975,NA
NODE_97_length_972_cov_1.526140,972,NA
NODE_98_length_965_cov_88.623318,965,NA
NODE_99_length_959_cov_4.576749,959,NA
NODE_100_length_932_cov_672.415600,932,NA
NODE_101_length_909_cov_148.571770,909,NA
NODE_102_length_905_cov_249.729567,905,NA
NODE_103_length_898_cov_8.185455,898,NA
NODE_104_length_884_cov_5.295931,884,NA
NODE_105_length_881_cov_9.095297,881,NA
NODE_106_length_870_cov_30.227102,870,NA
NODE_107_length_861_cov_57.064721,861,NA
NODE_108_length_847_cov_4.816537,847,390845
NODE_109_length_845_cov_42.235751,845,NA
NODE_110_length_840_cov_20.732725,840,NA
NODE_111_length_837_cov_23.185864,837,NA
NODE_112_length_836_cov_8.200524,836,NA
NODE_113_length_833_cov_11.510526,833,NA
NODE_114_length_826_cov_12.924303,826,NA
NODE_115_length_821_cov_14.351604,821,NA
NODE_116_length_820_cov_2.676037,820,NA
NODE_117_length_813_cov_31.418919,813,NA
NODE_118_length_805_cov_22.804645,805,NA
NODE_119_length_785_cov_18.433989,785,NA
NODE_120_length_782_cov_22.555712,782,NA
NODE_121_length_777_cov_8.198864,777,NA
NODE_122_length_771_cov_21.110315,771,NA
NODE_123_length_769_cov_39.395115,769,NA
NODE_124_length_766_cov_13.603175,766,NA
NODE_125_length_765_cov_16.959538,765,NA
NODE_126_length_759_cov_30.962099,759,NA
NODE_127_length_752_cov_28.939617,752,NA
NODE_128_length_751_cov_4.712389,751,NA
NODE_129_length_749_cov_3.958580,749,NA
NODE_130_length_743_cov_23.802985,743,NA
NODE_131_length_740_cov_15.944528,740,NA
NODE_132_length_727_cov_10.204893,727,NA
NODE_133_length_726_cov_12.222052,726,NA
NODE_134_length_720_cov_46.840804,720,NA
NODE_135_length_715_cov_12.665109,715,NA
NODE_136_length_694_cov_3745.078905,694,NA
NODE_137_length_693_cov_11.991935,693,NA
NODE_138_length_688_cov_27.751220,688,NA
NODE_139_length_684_cov_34.261866,684,NA
NODE_140_length_681_cov_15.032895,681,NA
NODE_141_length_675_cov_5.727575,675,NA
NODE_142_length_674_cov_17.252912,674,NA
NODE_143_length_673_cov_37.198333,673,NA
NODE_144_length_667_cov_7.168350,667,NA
NODE_145_length_663_cov_19.828814,663,NA
NODE_146_length_662_cov_7.543294,662,NA
NODE_147_length_661_cov_1241.948980,661,NA
NODE_148_length_660_cov_10.035775,660,NA
NODE_149_length_659_cov_13.047782,659,NA
NODE_150_length_652_cov_5.145078,652,NA
NODE_151_length_647_cov_15.831010,647,NA
NODE_152_length_647_cov_4.306620,647,NA
NODE_153_length_643_cov_6.701754,643,NA
NODE_154_length_642_cov_8.882250,642,NA
NODE_155_length_642_cov_3.760984,642,NA
NODE_156_length_636_cov_13.426288,636,NA
NODE_157_length_635_cov_2.282918,635,NA
NODE_158_length_628_cov_17.596396,628,NA
NODE_159_length_625_cov_5.923913,625,390845
NODE_160_length_624_cov_14.802178,624,NA
NODE_161_length_621_cov_33.631387,621,NA
NODE_162_length_618_cov_4.172477,618,NA
NODE_163_length_616_cov_2.918969,616,NA
NODE_164_length_612_cov_31.276438,612,NA
NODE_165_length_608_cov_12.695327,608,NA
NODE_166_length_607_cov_1770.868914,607,NA
NODE_167_length_604_cov_6.977401,604,NA
NODE_168_length_600_cov_15.876660,600,NA
NODE_169_length_600_cov_3.768501,600,NA
NODE_170_length_589_cov_4.251938,589,NA
NODE_171_length_587_cov_10.231518,587,NA
NODE_172_length_584_cov_52.416830,584,NA
NODE_173_length_584_cov_11.606654,584,NA
NODE_174_length_583_cov_5.839216,583,NA
NODE_175_length_582_cov_6.440079,582,NA
NODE_176_length_580_cov_49.708087,580,NA
NODE_177_length_577_cov_13.642857,577,NA
NODE_178_length_574_cov_31.632735,574,NA
NODE_179_length_572_cov_20.162325,572,NA
NODE_180_length_571_cov_1.977912,571,NA
NODE_181_length_568_cov_13.331313,568,NA
NODE_182_length_566_cov_10.332657,566,NA
NODE_183_length_566_cov_1.604462,566,NA
NODE_184_length_561_cov_2.055328,561,NA
NODE_185_length_559_cov_4.584362,559,NA
NODE_186_length_558_cov_4.362887,558,NA
NODE_187_length_557_cov_86.454545,557,NA
NODE_188_length_557_cov_18.818182,557,NA
NODE_189_length_556_cov_8.028986,556,NA
NODE_190_length_554_cov_4.095634,554,NA
NODE_191_length_552_cov_6.724426,552,NA
NODE_192_length_549_cov_3.546218,549,NA
NODE_193_length_547_cov_11.723629,547,NA
NODE_194_length_545_cov_10.722458,545,NA
NODE_195_length_545_cov_7.989407,545,NA
NODE_196_length_542_cov_25.901919,542,NA
NODE_197_length_542_cov_25.083156,542,NA
NODE_198_length_542_cov_2.594883,542,NA
NODE_199_length_540_cov_1.790150,540,NA
NODE_200_length_539_cov_11.984979,539,NA
NODE_201_length_539_cov_3.952790,539,NA
NODE_202_length_537_cov_11.558190,537,NA
NODE_203_length_536_cov_6.393089,536,NA
NODE_204_length_533_cov_9.545652,533,NA
NODE_205_length_532_cov_11.808279,532,NA
NODE_206_length_531_cov_3.115721,531,NA
NODE_207_length_530_cov_15.588621,530,NA
NODE_208_length_527_cov_1.856828,527,NA
NODE_209_length_521_cov_64.410714,521,NA
NODE_210_length_521_cov_20.805804,521,NA
NODE_211_length_518_cov_9.334831,518,NA
NODE_212_length_518_cov_2.150562,518,NA
NODE_213_length_516_cov_14.568849,516,NA
NODE_214_length_515_cov_24.610860,515,NA
NODE_215_length_515_cov_20.552036,515,NA
NODE_216_length_512_cov_5.817768,512,NA
NODE_217_length_507_cov_4.974654,507,NA
NODE_218_length_504_cov_1.703016,504,NA
NODE_219_length_500_cov_5.939110,500,NA
NODE_220_length_499_cov_1.882629,499,NA
NODE_221_length_498_cov_18.136471,498,NA
NODE_222_length_498_cov_3.414118,498,NA
NODE_223_length_498_cov_2.823529,498,NA
NODE_224_length_497_cov_25.705189,497,NA
NODE_225_length_496_cov_17.234043,496,NA
NODE_226_length_495_cov_12.409953,495,NA
NODE_227_length_495_cov_4.286730,495,NA
NODE_228_length_494_cov_8.114014,494,NA
NODE_229_length_491_cov_7.619617,491,NA
NODE_230_length_488_cov_7.925301,488,NA
NODE_231_length_485_cov_9.332524,485,NA
NODE_232_length_484_cov_4.605839,484,NA
NODE_233_length_482_cov_3.374083,482,NA
NODE_234_length_482_cov_2.444988,482,NA
NODE_235_length_481_cov_40.654412,481,NA
NODE_236_length_481_cov_15.872549,481,NA
NODE_237_length_481_cov_5.811275,481,NA
NODE_238_length_481_cov_2.080882,481,NA
NODE_239_length_479_cov_50.625616,479,NA
NODE_240_length_477_cov_15.457921,477,NA
NODE_241_length_477_cov_8.452970,477,NA
NODE_242_length_477_cov_3.433168,477,NA
NODE_243_length_475_cov_1.646766,475,NA
NODE_244_length_474_cov_5.830424,474,NA
NODE_245_length_473_cov_4.377500,473,NA
NODE_246_length_471_cov_15.128141,471,NA
NODE_247_length_471_cov_4.743719,471,NA
NODE_248_length_471_cov_3.057789,471,NA
NODE_249_length_469_cov_11.598485,469,NA
NODE_250_length_468_cov_6.675949,468,NA
NODE_251_length_462_cov_9.136247,462,NA
NODE_252_length_461_cov_42.085052,461,NA
NODE_253_length_459_cov_14.129534,459,NA
NODE_254_length_457_cov_13.205729,457,NA
NODE_255_length_457_cov_1.544271,457,NA
NODE_256_length_456_cov_1.921671,456,NA
NODE_257_length_454_cov_2.170604,454,NA
NODE_258_length_452_cov_28.060686,452,NA
NODE_259_length_452_cov_4.738786,452,NA
NODE_260_length_452_cov_4.696570,452,NA
NODE_261_length_452_cov_2.622691,452,NA
NODE_262_length_451_cov_19.611111,451,NA
NODE_263_length_449_cov_4.300532,449,NA
NODE_264_length_447_cov_9.232620,447,NA
NODE_265_length_445_cov_14.580645,445,NA
NODE_266_length_444_cov_3.522911,444,NA
NODE_267_length_443_cov_3.186486,443,NA
NODE_268_length_442_cov_43.815718,442,NA
NODE_269_length_437_cov_13.681319,437,NA
NODE_270_length_437_cov_2.420330,437,NA
NODE_271_length_437_cov_2.293956,437,NA
NODE_272_length_436_cov_4.143251,436,NA
NODE_273_length_435_cov_5.127072,435,NA
NODE_274_length_433_cov_2.266667,433,NA
NODE_275_length_432_cov_5.428969,432,NA
NODE_276_length_431_cov_8.963687,431,NA
NODE_277_length_431_cov_6.100559,431,NA
NODE_278_length_429_cov_8.963483,429,NA
NODE_279_length_429_cov_2.337079,429,NA
NODE_280_length_427_cov_25.096045,427,NA
NODE_281_length_427_cov_13.028249,427,NA
NODE_282_length_424_cov_14.507123,424,NA
NODE_283_length_423_cov_3.831429,423,NA
NODE_284_length_422_cov_56.876791,422,NA
NODE_285_length_422_cov_23.936963,422,NA
NODE_286_length_422_cov_23.054441,422,NA
NODE_287_length_422_cov_9.567335,422,NA
NODE_288_length_422_cov_9.111748,422,NA
NODE_289_length_422_cov_6.106017,422,NA
NODE_290_length_422_cov_5.876791,422,NA
NODE_291_length_422_cov_3.177650,422,NA
NODE_292_length_421_cov_12.747126,421,NA
NODE_293_length_420_cov_7.484150,420,NA
NODE_294_length_419_cov_7.476879,419,NA
NODE_295_length_418_cov_9.043478,418,NA
NODE_296_length_418_cov_7.330435,418,NA
NODE_297_length_418_cov_6.423188,418,NA
NODE_298_length_418_cov_2.747826,418,NA
NODE_299_length_415_cov_7.026316,415,NA
NODE_300_length_414_cov_1.554252,414,NA
NODE_301_length_413_cov_19.258824,413,NA
NODE_302_length_413_cov_2.117647,413,NA
NODE_303_length_410_cov_1.023739,410,NA
NODE_304_length_408_cov_2.346269,408,NA
NODE_305_length_408_cov_1.608955,408,NA
NODE_306_length_407_cov_7.347305,407,NA
NODE_307_length_407_cov_1.146707,407,NA
NODE_308_length_407_cov_1.083832,407,NA
NODE_309_length_405_cov_20.237952,405,NA
NODE_310_length_405_cov_1.798193,405,NA
NODE_311_length_404_cov_21.719033,404,NA
NODE_312_length_404_cov_15.558912,404,NA
NODE_313_length_404_cov_3.797583,404,NA
NODE_314_length_403_cov_7.045455,403,NA
NODE_315_length_403_cov_0.954545,403,NA
NODE_316_length_402_cov_39.218845,402,NA
NODE_317_length_402_cov_10.607903,402,NA
NODE_318_length_402_cov_2.917933,402,NA
NODE_319_length_401_cov_5.661585,401,NA
NODE_320_length_400_cov_3.287462,400,NA
NODE_321_length_400_cov_2.103976,400,NA
NODE_322_length_399_cov_3.349693,399,NA
NODE_323_length_398_cov_5.135385,398,NA
NODE_324_length_398_cov_2.852308,398,NA
NODE_325_length_397_cov_6.141975,397,NA
NODE_326_length_397_cov_3.462963,397,NA
NODE_327_length_397_cov_1.398148,397,NA
NODE_328_length_396_cov_74.554180,396,NA
NODE_329_length_396_cov_16.715170,396,NA
NODE_330_length_396_cov_2.773994,396,NA
NODE_331_length_395_cov_2.406832,395,NA
NODE_332_length_394_cov_39.853583,394,NA
NODE_333_length_393_cov_22.140625,393,NA
NODE_334_length_393_cov_2.703125,393,NA
NODE_335_length_393_cov_1.246875,393,NA
NODE_336_length_392_cov_20.583072,392,NA
NODE_337_length_392_cov_2.554859,392,NA
NODE_338_length_392_cov_1.429467,392,NA
NODE_339_length_390_cov_6.176656,390,NA
NODE_340_length_389_cov_4.528481,389,NA
NODE_341_length_389_cov_3.142405,389,NA
NODE_342_length_389_cov_1.329114,389,NA
NODE_343_length_388_cov_6.453968,388,NA
NODE_344_length_386_cov_4.348243,386,NA
NODE_345_length_386_cov_3.785942,386,NA
NODE_346_length_386_cov_0.948882,386,NA
NODE_347_length_385_cov_4.115385,385,NA
NODE_348_length_384_cov_5.749196,384,NA
NODE_349_length_384_cov_3.112540,384,NA
NODE_350_length_383_cov_44.390323,383,NA
NODE_351_length_383_cov_11.251613,383,NA
NODE_352_length_383_cov_6.838710,383,NA
NODE_353_length_382_cov_78.831715,382,NA
NODE_354_length_381_cov_22.691558,381,NA
NODE_355_length_381_cov_13.363636,381,NA
NODE_356_length_381_cov_1.886364,381,NA
NODE_357_length_380_cov_162.237785,380,NA
NODE_358_length_380_cov_4.778502,380,NA
NODE_359_length_380_cov_1.087948,380,NA
NODE_360_length_380_cov_1.000000,380,NA
NODE_361_length_379_cov_1.388889,379,NA
NODE_362_length_378_cov_17.337705,378,NA
NODE_363_length_378_cov_7.409836,378,NA
NODE_364_length_378_cov_5.783607,378,NA
NODE_365_length_378_cov_3.659016,378,NA
NODE_366_length_377_cov_2.828947,377,NA
NODE_367_length_377_cov_2.279605,377,NA
NODE_368_length_377_cov_1.506579,377,NA
NODE_369_length_376_cov_7.617162,376,NA
NODE_370_length_375_cov_2.950331,375,NA
NODE_371_length_375_cov_2.857616,375,NA
NODE_372_length_374_cov_3.963455,374,NA
NODE_373_length_374_cov_2.558140,374,NA
NODE_374_length_374_cov_1.501661,374,NA
NODE_375_length_373_cov_6.040000,373,NA
NODE_376_length_372_cov_9.458194,372,NA
NODE_377_length_372_cov_3.073579,372,NA
NODE_378_length_371_cov_8.295302,371,NA
NODE_379_length_371_cov_3.697987,371,NA
NODE_380_length_371_cov_2.144295,371,NA
NODE_381_length_370_cov_50.841751,370,NA
NODE_382_length_370_cov_20.097643,370,NA
NODE_383_length_370_cov_2.107744,370,NA
NODE_384_length_370_cov_2.097643,370,NA
NODE_385_length_369_cov_9.949324,369,NA
NODE_386_length_369_cov_6.145270,369,NA
NODE_387_length_369_cov_4.219595,369,NA
NODE_388_length_369_cov_2.652027,369,NA
NODE_389_length_368_cov_18.461017,368,NA
NODE_390_length_368_cov_1.613559,368,NA
NODE_391_length_368_cov_0.813559,368,NA
NODE_392_length_367_cov_4.319728,367,NA
NODE_393_length_367_cov_3.404762,367,NA
NODE_394_length_367_cov_2.312925,367,NA
NODE_395_length_366_cov_6.040956,366,NA
NODE_396_length_366_cov_1.982935,366,NA
NODE_397_length_365_cov_6.130137,365,NA
NODE_398_length_365_cov_3.972603,365,NA
NODE_399_length_365_cov_1.767123,365,NA
NODE_400_length_364_cov_9.189003,364,NA
NODE_401_length_364_cov_4.268041,364,NA
NODE_402_length_364_cov_1.786942,364,NA
NODE_403_length_363_cov_13.896552,363,NA
NODE_404_length_363_cov_6.900000,363,NA
NODE_405_length_363_cov_4.489655,363,NA
NODE_406_length_363_cov_1.224138,363,NA
NODE_407_length_362_cov_165.716263,362,NA
NODE_408_length_362_cov_5.826990,362,NA
NODE_409_length_362_cov_2.387543,362,NA
NODE_410_length_361_cov_9.274306,361,NA
NODE_411_length_361_cov_6.218750,361,NA
NODE_412_length_361_cov_3.802083,361,NA
NODE_413_length_361_cov_2.506944,361,NA
NODE_414_length_361_cov_2.458333,361,NA
NODE_415_length_361_cov_1.642361,361,NA
NODE_416_length_360_cov_69.519164,360,NA
NODE_417_length_360_cov_3.724739,360,NA
NODE_418_length_359_cov_14.520979,359,NA
NODE_419_length_359_cov_2.321678,359,NA
NODE_420_length_359_cov_2.024476,359,NA
NODE_421_length_357_cov_3.630282,357,NA
NODE_422_length_357_cov_3.306338,357,NA
NODE_423_length_356_cov_9.749117,356,NA
NODE_424_length_356_cov_2.992933,356,NA
NODE_425_length_355_cov_10.003546,355,NA
NODE_426_length_355_cov_8.521277,355,NA
NODE_427_length_355_cov_3.152482,355,NA
NODE_428_length_354_cov_33.231317,354,NA
NODE_429_length_354_cov_3.017794,354,NA
NODE_430_length_354_cov_1.092527,354,NA
NODE_431_length_353_cov_3.828571,353,NA
NODE_432_length_353_cov_3.125000,353,NA
NODE_433_length_353_cov_1.778571,353,NA
NODE_434_length_352_cov_18.537634,352,NA
NODE_435_length_352_cov_7.232975,352,NA
NODE_436_length_352_cov_5.175627,352,NA
NODE_437_length_352_cov_2.888889,352,NA
NODE_438_length_352_cov_2.075269,352,NA
NODE_439_length_351_cov_16.107914,351,NA
NODE_440_length_351_cov_13.625899,351,NA
NODE_441_length_351_cov_13.219424,351,NA
NODE_442_length_351_cov_1.000000,351,NA
NODE_443_length_350_cov_27.563177,350,NA
NODE_444_length_350_cov_25.906137,350,NA
NODE_445_length_350_cov_3.653430,350,NA
NODE_446_length_350_cov_1.111913,350,NA
NODE_447_length_349_cov_9.478261,349,NA
NODE_448_length_349_cov_6.568841,349,NA
NODE_449_length_348_cov_9.305455,348,NA
NODE_450_length_348_cov_5.381818,348,NA
NODE_451_length_346_cov_24.139194,346,NA
NODE_452_length_346_cov_17.901099,346,NA
NODE_453_length_346_cov_4.234432,346,NA
NODE_454_length_346_cov_4.190476,346,NA
NODE_455_length_346_cov_1.692308,346,NA
NODE_456_length_346_cov_1.593407,346,NA
NODE_457_length_345_cov_5.676471,345,NA
NODE_458_length_345_cov_2.044118,345,NA
NODE_459_length_345_cov_1.860294,345,NA
NODE_460_length_344_cov_11.741697,344,NA
NODE_461_length_344_cov_1.328413,344,NA
NODE_462_length_344_cov_1.000000,344,NA
NODE_463_length_343_cov_13.885185,343,NA
NODE_464_length_342_cov_222.356877,342,NA
NODE_465_length_342_cov_1.661710,342,NA
NODE_466_length_341_cov_2.858209,341,NA
NODE_467_length_340_cov_37.022472,340,NA
NODE_468_length_340_cov_8.891386,340,NA
NODE_469_length_340_cov_1.524345,340,NA
NODE_470_length_339_cov_25.210526,339,NA
NODE_471_length_339_cov_1.248120,339,NA
NODE_472_length_339_cov_1.191729,339,NA
NODE_473_length_338_cov_3.267925,338,NA
NODE_474_length_338_cov_2.694340,338,NA
NODE_475_length_337_cov_4.511364,337,NA
NODE_476_length_337_cov_3.318182,337,NA
NODE_477_length_337_cov_2.772727,337,NA
NODE_478_length_337_cov_1.265152,337,NA
NODE_479_length_337_cov_0.818182,337,NA
NODE_480_length_336_cov_18.650190,336,NA
NODE_481_length_336_cov_1.912548,336,NA
NODE_482_length_336_cov_0.965779,336,NA
NODE_483_length_336_cov_0.931559,336,NA
NODE_484_length_335_cov_6.828244,335,NA
NODE_485_length_335_cov_5.087786,335,NA
NODE_486_length_334_cov_10.885057,334,NA
NODE_487_length_334_cov_3.950192,334,NA
NODE_488_length_334_cov_3.111111,334,NA
NODE_489_length_334_cov_2.950192,334,NA
NODE_490_length_334_cov_1.597701,334,NA
NODE_491_length_333_cov_9.784615,333,NA
NODE_492_length_333_cov_6.569231,333,NA
NODE_493_length_333_cov_5.788462,333,NA
NODE_494_length_333_cov_2.857692,333,NA
NODE_495_length_332_cov_3.305019,332,NA
NODE_496_length_332_cov_2.752896,332,NA
NODE_497_length_332_cov_2.332046,332,NA
NODE_498_length_332_cov_1.891892,332,NA
NODE_499_length_331_cov_36.437984,331,NA
NODE_500_length_331_cov_1.437984,331,NA
NODE_501_length_330_cov_18.011673,330,NA
NODE_502_length_330_cov_14.369650,330,NA
NODE_503_length_330_cov_3.595331,330,NA
NODE_504_length_330_cov_3.206226,330,NA
NODE_505_length_330_cov_2.657588,330,NA
NODE_506_length_330_cov_1.525292,330,NA
NODE_507_length_329_cov_7.785156,329,NA
NODE_508_length_329_cov_5.187500,329,NA
NODE_509_length_329_cov_3.695312,329,NA
NODE_510_length_329_cov_3.308594,329,NA
NODE_511_length_329_cov_2.570312,329,NA
NODE_512_length_329_cov_1.269531,329,NA
NODE_513_length_328_cov_5.494118,328,NA
NODE_514_length_328_cov_3.729412,328,NA
NODE_515_length_327_cov_5.500000,327,NA
NODE_516_length_327_cov_4.464567,327,NA
NODE_517_length_327_cov_2.330709,327,NA
NODE_518_length_325_cov_2.329365,325,NA
NODE_519_length_325_cov_2.091270,325,NA
NODE_520_length_325_cov_1.908730,325,NA
NODE_521_length_325_cov_1.424603,325,NA
NODE_522_length_324_cov_9.043825,324,NA
NODE_523_length_324_cov_5.394422,324,NA
NODE_524_length_324_cov_2.051793,324,NA
NODE_525_length_324_cov_0.844622,324,NA
NODE_526_length_323_cov_34.804000,323,NA
NODE_527_length_323_cov_8.136000,323,NA
NODE_528_length_323_cov_2.456000,323,NA
NODE_529_length_323_cov_2.020000,323,NA
NODE_530_length_323_cov_1.220000,323,NA
NODE_531_length_323_cov_1.120000,323,NA
NODE_532_length_322_cov_0.895582,322,NA
NODE_533_length_321_cov_5.290323,321,NA
NODE_534_length_321_cov_2.701613,321,NA
NODE_535_length_321_cov_1.862903,321,NA
NODE_536_length_321_cov_1.370968,321,NA
NODE_537_length_320_cov_8.016194,320,NA
NODE_538_length_320_cov_7.935223,320,NA
NODE_539_length_320_cov_7.595142,320,NA
NODE_540_length_320_cov_3.578947,320,NA
NODE_541_length_319_cov_3.752033,319,NA
NODE_542_length_319_cov_3.130081,319,NA
NODE_543_length_319_cov_3.016260,319,NA
NODE_544_length_319_cov_1.589431,319,NA
NODE_545_length_319_cov_0.943089,319,NA
NODE_546_length_318_cov_3.306122,318,NA
NODE_547_length_317_cov_4.569672,317,NA
NODE_548_length_317_cov_2.155738,317,NA
NODE_549_length_317_cov_1.741803,317,NA
NODE_550_length_316_cov_24.860082,316,NA
NODE_551_length_316_cov_4.144033,316,NA
NODE_552_length_316_cov_3.374486,316,NA
NODE_553_length_316_cov_3.362140,316,NA
NODE_554_length_315_cov_30.764463,315,NA
NODE_555_length_315_cov_30.628099,315,NA
NODE_556_length_315_cov_7.438017,315,NA
NODE_557_length_315_cov_6.090909,315,NA
NODE_558_length_315_cov_4.479339,315,NA
NODE_559_length_315_cov_4.198347,315,NA
NODE_560_length_314_cov_12.809129,314,NA
NODE_561_length_314_cov_4.838174,314,NA
NODE_562_length_314_cov_1.029046,314,NA
NODE_563_length_313_cov_19.845833,313,NA
NODE_564_length_313_cov_12.766667,313,NA
NODE_565_length_313_cov_3.845833,313,NA
NODE_566_length_313_cov_2.566667,313,NA
NODE_567_length_313_cov_1.679167,313,NA
NODE_568_length_312_cov_12.326360,312,NA
NODE_569_length_312_cov_8.188285,312,NA
NODE_570_length_312_cov_2.543933,312,NA
NODE_571_length_311_cov_27.848739,311,NA
NODE_572_length_311_cov_10.277311,311,NA
NODE_573_length_311_cov_2.142857,311,NA
NODE_574_length_311_cov_1.483193,311,NA
NODE_575_length_311_cov_1.138655,311,NA
NODE_576_length_310_cov_7.071730,310,NA
NODE_577_length_310_cov_3.881857,310,NA
NODE_578_length_310_cov_2.535865,310,NA
NODE_579_length_310_cov_2.080169,310,NA
NODE_580_length_309_cov_13.029661,309,NA
NODE_581_length_309_cov_4.800847,309,NA
NODE_582_length_309_cov_2.330508,309,NA
NODE_583_length_308_cov_4.148936,308,NA
NODE_584_length_308_cov_2.348936,308,NA
NODE_585_length_308_cov_1.310638,308,NA
NODE_586_length_307_cov_41.632479,307,NA
NODE_587_length_307_cov_23.277778,307,NA
NODE_588_length_307_cov_17.401709,307,NA
NODE_589_length_307_cov_10.709402,307,NA
NODE_590_length_307_cov_5.927350,307,NA
NODE_591_length_307_cov_3.905983,307,NA
NODE_592_length_307_cov_3.542735,307,NA
NODE_593_length_307_cov_1.529915,307,NA
NODE_594_length_307_cov_1.029915,307,NA
NODE_595_length_306_cov_21.832618,306,NA
NODE_596_length_306_cov_3.321888,306,NA
NODE_597_length_306_cov_2.330472,306,NA
NODE_598_length_306_cov_2.321888,306,NA
NODE_599_length_306_cov_1.321888,306,NA
NODE_600_length_306_cov_1.231760,306,NA
NODE_601_length_305_cov_1.008621,305,NA
NODE_602_length_305_cov_0.879310,305,NA
NODE_603_length_304_cov_32.138528,304,NA
NODE_604_length_304_cov_28.017316,304,NA
NODE_605_length_304_cov_4.770563,304,NA
NODE_606_length_303_cov_1.413043,303,NA
NODE_607_length_303_cov_1.039130,303,NA
NODE_608_length_302_cov_19.179039,302,NA
NODE_609_length_302_cov_11.510917,302,NA
NODE_610_length_302_cov_4.934498,302,NA
NODE_611_length_302_cov_3.698690,302,NA
NODE_612_length_302_cov_2.807860,302,NA
NODE_613_length_302_cov_1.344978,302,NA
NODE_614_length_301_cov_13.521930,301,NA
NODE_615_length_301_cov_3.179825,301,NA
NODE_616_length_300_cov_14.070485,300,NA
NODE_617_length_300_cov_4.462555,300,NA
NODE_618_length_300_cov_0.977974,300,NA
NODE_619_length_299_cov_4.371681,299,NA
NODE_620_length_299_cov_3.084071,299,NA
NODE_621_length_299_cov_2.362832,299,NA
NODE_622_length_299_cov_1.831858,299,NA
NODE_623_length_298_cov_12.631111,298,NA
NODE_624_length_298_cov_6.613333,298,NA
NODE_625_length_298_cov_2.626667,298,NA
NODE_626_length_298_cov_2.186667,298,NA
NODE_627_length_297_cov_1.473214,297,NA
NODE_628_length_297_cov_0.964286,297,NA
NODE_629_length_296_cov_8.551570,296,NA
NODE_630_length_296_cov_3.977578,296,NA
NODE_631_length_296_cov_2.008969,296,NA
NODE_632_length_296_cov_1.134529,296,NA
NODE_633_length_295_cov_26.234234,295,NA
NODE_634_length_295_cov_5.454955,295,NA
NODE_635_length_295_cov_5.247748,295,NA
NODE_636_length_295_cov_1.891892,295,NA
NODE_637_length_295_cov_1.418919,295,NA
NODE_638_length_294_cov_4.533937,294,NA
NODE_639_length_294_cov_2.674208,294,NA
NODE_640_length_294_cov_2.561086,294,NA
NODE_641_length_294_cov_1.393665,294,NA
NODE_642_length_293_cov_9.027273,293,NA
NODE_643_length_293_cov_3.254545,293,NA
NODE_644_length_292_cov_5.625571,292,NA
NODE_645_length_292_cov_5.429224,292,NA
NODE_646_length_292_cov_4.575342,292,NA
NODE_647_length_292_cov_4.036530,292,NA
NODE_648_length_292_cov_3.287671,292,NA
NODE_649_length_292_cov_2.506849,292,NA
NODE_650_length_292_cov_2.479452,292,NA
NODE_651_length_291_cov_18.513761,291,NA
NODE_652_length_291_cov_15.972477,291,NA
NODE_653_length_291_cov_13.899083,291,NA
NODE_654_length_290_cov_7.534562,290,NA
NODE_655_length_290_cov_3.419355,290,NA
NODE_656_length_290_cov_2.009217,290,NA
NODE_657_length_289_cov_2.685185,289,NA
NODE_658_length_289_cov_1.425926,289,NA
NODE_659_length_289_cov_1.425926,289,NA
NODE_660_length_289_cov_1.421296,289,NA
NODE_661_length_289_cov_0.875000,289,NA
NODE_662_length_288_cov_1.506977,288,NA
NODE_663_length_287_cov_190.056075,287,NA
NODE_664_length_287_cov_24.523364,287,NA
NODE_665_length_287_cov_7.906542,287,NA
NODE_666_length_287_cov_3.238318,287,NA
NODE_667_length_287_cov_2.523364,287,NA
NODE_668_length_287_cov_1.976636,287,NA
NODE_669_length_286_cov_12.530516,286,NA
NODE_670_length_286_cov_7.117371,286,NA
NODE_671_length_286_cov_3.615023,286,NA
NODE_672_length_286_cov_3.075117,286,NA
NODE_673_length_285_cov_3.382075,285,NA
NODE_674_length_285_cov_2.443396,285,NA
NODE_675_length_285_cov_2.099057,285,NA
NODE_676_length_285_cov_1.009434,285,NA
NODE_677_length_284_cov_24.829384,284,NA
NODE_678_length_284_cov_7.568720,284,NA
NODE_679_length_284_cov_7.180095,284,NA
NODE_680_length_284_cov_2.592417,284,NA
NODE_681_length_284_cov_2.137441,284,NA
NODE_682_length_284_cov_2.023697,284,NA
NODE_683_length_284_cov_1.909953,284,NA
NODE_684_length_284_cov_1.094787,284,NA
NODE_685_length_284_cov_1.028436,284,NA
NODE_686_length_284_cov_1.014218,284,NA
NODE_687_length_283_cov_6.423810,283,NA
NODE_688_length_283_cov_3.480952,283,NA
NODE_689_length_283_cov_2.195238,283,NA
NODE_690_length_283_cov_1.480952,283,NA
NODE_691_length_283_cov_1.466667,283,NA
NODE_692_length_283_cov_1.466667,283,NA
NODE_693_length_283_cov_1.409524,283,NA
NODE_694_length_282_cov_2.100478,282,NA
NODE_695_length_282_cov_1.473684,282,NA
NODE_696_length_282_cov_1.444976,282,NA
NODE_697_length_281_cov_9.697115,281,NA
NODE_698_length_281_cov_1.841346,281,NA
NODE_699_length_281_cov_1.024038,281,NA
NODE_700_length_280_cov_19.512077,280,NA
NODE_701_length_280_cov_15.169082,280,NA
NODE_702_length_280_cov_3.961353,280,NA
NODE_703_length_280_cov_2.734300,280,NA
NODE_704_length_279_cov_7.533981,279,NA
NODE_705_length_279_cov_7.014563,279,NA
NODE_706_length_279_cov_2.242718,279,NA
NODE_707_length_279_cov_2.121359,279,NA
NODE_708_length_279_cov_1.708738,279,NA
NODE_709_length_279_cov_0.883495,279,NA
NODE_710_length_279_cov_0.766990,279,NA
NODE_711_length_278_cov_24.160976,278,NA
NODE_712_length_278_cov_23.160976,278,NA
NODE_713_length_278_cov_11.585366,278,NA
NODE_714_length_278_cov_2.863415,278,NA
NODE_715_length_278_cov_2.009756,278,NA
NODE_716_length_278_cov_1.951220,278,NA
NODE_717_length_278_cov_1.307317,278,NA
NODE_718_length_277_cov_10.284314,277,NA
NODE_719_length_277_cov_7.715686,277,NA
NODE_720_length_277_cov_5.431373,277,NA
NODE_721_length_277_cov_2.877451,277,NA
NODE_722_length_277_cov_2.117647,277,NA
NODE_723_length_277_cov_1.661765,277,NA
NODE_724_length_277_cov_1.112745,277,NA
NODE_725_length_277_cov_0.931373,277,NA
NODE_726_length_276_cov_11.339901,276,NA
NODE_727_length_276_cov_3.827586,276,NA
NODE_728_length_276_cov_3.192118,276,NA
NODE_729_length_276_cov_2.842365,276,NA
NODE_730_length_276_cov_1.463054,276,NA
NODE_731_length_275_cov_13.772277,275,NA
NODE_732_length_275_cov_4.381188,275,NA
NODE_733_length_275_cov_3.702970,275,NA
NODE_734_length_275_cov_2.594059,275,NA
NODE_735_length_275_cov_2.475248,275,NA
NODE_736_length_275_cov_2.287129,275,NA
NODE_737_length_275_cov_1.440594,275,NA
NODE_738_length_274_cov_3.293532,274,NA
NODE_739_length_274_cov_2.159204,274,NA
NODE_740_length_274_cov_1.532338,274,NA
NODE_741_length_274_cov_1.532338,274,NA
NODE_742_length_273_cov_33.365000,273,NA
NODE_743_length_273_cov_11.355000,273,NA
NODE_744_length_273_cov_5.015000,273,NA
NODE_745_length_273_cov_3.130000,273,NA
NODE_746_length_273_cov_2.695000,273,NA
NODE_747_length_273_cov_2.135000,273,NA
NODE_748_length_273_cov_1.475000,273,NA
NODE_749_length_273_cov_1.390000,273,NA
NODE_750_length_272_cov_9.613065,272,NA
NODE_751_length_272_cov_3.869347,272,NA
NODE_752_length_272_cov_1.934673,272,NA
NODE_753_length_271_cov_36.939394,271,NA
NODE_754_length_271_cov_4.237374,271,NA
NODE_755_length_271_cov_2.565657,271,NA
NODE_756_length_271_cov_2.343434,271,NA
NODE_757_length_271_cov_1.934343,271,NA
NODE_758_length_270_cov_7.634518,270,NA
NODE_759_length_270_cov_4.568528,270,NA
NODE_760_length_270_cov_3.197970,270,NA
NODE_761_length_270_cov_2.543147,270,NA
NODE_762_length_270_cov_2.345178,270,NA
NODE_763_length_270_cov_1.954315,270,NA
NODE_764_length_270_cov_1.954315,270,NA
NODE_765_length_270_cov_1.335025,270,NA
NODE_766_length_269_cov_13.020408,269,NA
NODE_767_length_269_cov_3.382653,269,NA
NODE_768_length_269_cov_1.571429,269,NA
NODE_769_length_268_cov_11.282051,268,NA
NODE_770_length_268_cov_9.748718,268,NA
NODE_771_length_268_cov_2.938462,268,NA
NODE_772_length_268_cov_2.764103,268,NA
NODE_773_length_268_cov_2.764103,268,NA
NODE_774_length_268_cov_2.558974,268,NA
NODE_775_length_268_cov_1.974359,268,NA
NODE_776_length_268_cov_1.733333,268,NA
NODE_777_length_268_cov_1.487179,268,NA
NODE_778_length_267_cov_17.505155,267,NA
NODE_779_length_267_cov_14.855670,267,NA
NODE_780_length_267_cov_8.850515,267,NA
NODE_781_length_267_cov_4.840206,267,NA
NODE_782_length_267_cov_2.309278,267,NA
NODE_783_length_267_cov_1.561856,267,NA
NODE_784_length_267_cov_1.484536,267,NA
NODE_785_length_267_cov_1.273196,267,NA
NODE_786_length_267_cov_1.036082,267,NA
NODE_787_length_266_cov_1.756477,266,NA
NODE_788_length_266_cov_1.740933,266,NA
NODE_789_length_266_cov_0.849741,266,NA
NODE_790_length_265_cov_6.401042,265,NA
NODE_791_length_265_cov_5.890625,265,NA
NODE_792_length_265_cov_5.135417,265,NA
NODE_793_length_265_cov_3.208333,265,NA
NODE_794_length_264_cov_37.570681,264,NA
NODE_795_length_264_cov_3.057592,264,NA
NODE_796_length_264_cov_3.052356,264,NA
NODE_797_length_264_cov_2.649215,264,NA
NODE_798_length_264_cov_2.015707,264,NA
NODE_799_length_264_cov_1.947644,264,NA
NODE_800_length_264_cov_1.492147,264,NA
NODE_801_length_264_cov_0.879581,264,NA
NODE_802_length_263_cov_33.442105,263,NA
NODE_803_length_263_cov_13.926316,263,NA
NODE_804_length_263_cov_5.389474,263,NA
NODE_805_length_263_cov_4.442105,263,NA
NODE_806_length_263_cov_2.663158,263,NA
NODE_807_length_263_cov_1.189474,263,NA
NODE_808_length_262_cov_14.603175,262,NA
NODE_809_length_262_cov_2.444444,262,NA
NODE_810_length_261_cov_25.031915,261,NA
NODE_811_length_261_cov_7.515957,261,NA
NODE_812_length_261_cov_3.968085,261,NA
NODE_813_length_261_cov_1.638298,261,NA
NODE_814_length_261_cov_1.622340,261,NA
NODE_815_length_260_cov_6.508021,260,NA
NODE_816_length_260_cov_2.427807,260,NA
NODE_817_length_260_cov_1.609626,260,NA
NODE_818_length_260_cov_1.540107,260,NA
NODE_819_length_260_cov_1.112299,260,NA
NODE_820_length_259_cov_13.897849,259,NA
NODE_821_length_259_cov_2.564516,259,NA
NODE_822_length_259_cov_2.069892,259,NA
NODE_823_length_259_cov_2.064516,259,NA
NODE_824_length_259_cov_1.854839,259,NA
NODE_825_length_259_cov_0.849462,259,NA
NODE_826_length_258_cov_23.302703,258,NA
NODE_827_length_258_cov_13.643243,258,NA
NODE_828_length_258_cov_4.578378,258,NA
NODE_829_length_258_cov_4.221622,258,NA
NODE_830_length_258_cov_3.859459,258,NA
NODE_831_length_258_cov_1.924324,258,NA
NODE_832_length_258_cov_0.864865,258,NA
NODE_833_length_257_cov_21.858696,257,NA
NODE_834_length_257_cov_2.065217,257,NA
NODE_835_length_257_cov_1.983696,257,NA
NODE_836_length_256_cov_15.371585,256,NA
NODE_837_length_256_cov_4.551913,256,NA
NODE_838_length_256_cov_2.814208,256,NA
NODE_839_length_256_cov_1.863388,256,NA
NODE_840_length_256_cov_1.688525,256,NA
NODE_841_length_255_cov_6.054945,255,NA
NODE_842_length_255_cov_3.456044,255,NA
NODE_843_length_255_cov_1.802198,255,NA
NODE_844_length_255_cov_1.637363,255,NA
NODE_845_length_255_cov_1.016484,255,NA
NODE_846_length_254_cov_51.740331,254,NA
NODE_847_length_254_cov_9.845304,254,NA
NODE_848_length_254_cov_3.497238,254,NA
NODE_849_length_254_cov_2.834254,254,NA
NODE_850_length_254_cov_1.983425,254,NA
NODE_851_length_254_cov_1.651934,254,NA
NODE_852_length_254_cov_0.740331,254,NA
NODE_853_length_253_cov_24.766667,253,NA
NODE_854_length_253_cov_12.244444,253,NA
NODE_855_length_253_cov_10.255556,253,NA
NODE_856_length_253_cov_2.377778,253,NA
NODE_857_length_253_cov_1.683333,253,NA
NODE_858_length_253_cov_1.400000,253,NA
NODE_859_length_253_cov_1.088889,253,NA
NODE_860_length_253_cov_0.872222,253,NA
NODE_861_length_252_cov_10.854749,252,NA
NODE_862_length_252_cov_7.826816,252,NA
NODE_863_length_252_cov_3.491620,252,NA
NODE_864_length_252_cov_3.011173,252,NA
NODE_865_length_252_cov_2.145251,252,NA
NODE_866_length_252_cov_2.067039,252,NA
NODE_867_length_252_cov_1.016760,252,NA
NODE_868_length_252_cov_0.849162,252,NA
NODE_869_length_251_cov_9.084270,251,NA
NODE_870_length_251_cov_3.814607,251,NA
NODE_871_length_251_cov_2.162921,251,NA
NODE_872_length_251_cov_1.730337,251,NA
NODE_873_length_251_cov_1.730337,251,NA
NODE_874_length_251_cov_1.387640,251,NA
NODE_875_length_251_cov_1.297753,251,NA
NODE_876_length_251_cov_0.865169,251,NA
NODE_877_length_251_cov_0.865169,251,NA
NODE_878_length_250_cov_8.644068,250,NA
NODE_879_length_250_cov_3.971751,250,NA
NODE_880_length_250_cov_3.180791,250,NA
NODE_881_length_250_cov_2.610169,250,NA
NODE_882_length_250_cov_1.305085,250,NA
NODE_883_length_250_cov_1.305085,250,NA
NODE_884_length_250_cov_1.299435,250,NA
NODE_885_length_250_cov_1.265537,250,NA
NODE_886_length_250_cov_1.209040,250,NA
NODE_887_length_250_cov_0.870056,250,NA
NODE_888_length_250_cov_0.864407,250,NA
NODE_889_length_249_cov_3.897727,249,NA
NODE_890_length_249_cov_3.653409,249,NA
NODE_891_length_249_cov_3.130682,249,NA
NODE_892_length_249_cov_2.960227,249,NA
NODE_893_length_249_cov_2.897727,249,NA
NODE_894_length_249_cov_2.750000,249,NA
NODE_895_length_249_cov_2.517045,249,NA
NODE_896_length_249_cov_2.460227,249,NA
NODE_897_length_249_cov_2.187500,249,NA
NODE_898_length_249_cov_2.181818,249,NA
NODE_899_length_249_cov_2.005682,249,NA
NODE_900_length_249_cov_1.312500,249,NA
NODE_901_length_249_cov_1.312500,249,NA
NODE_902_length_249_cov_1.306818,249,NA
NODE_903_length_249_cov_1.306818,249,NA
NODE_904_length_249_cov_1.215909,249,NA
NODE_905_length_249_cov_1.170455,249,NA
NODE_906_length_249_cov_0.875000,249,NA
NODE_907_length_249_cov_0.846591,249,NA
NODE_908_length_248_cov_13.674286,248,NA
NODE_909_length_248_cov_3.320000,248,NA
NODE_910_length_248_cov_1.760000,248,NA
NODE_911_length_248_cov_1.365714,248,NA
NODE_912_length_248_cov_0.971429,248,NA
NODE_913_length_248_cov_0.880000,248,NA
NODE_914_length_248_cov_0.880000,248,NA
NODE_915_length_248_cov_0.880000,248,NA
NODE_916_length_248_cov_0.880000,248,NA
NODE_917_length_248_cov_0.874286,248,NA
NODE_918_length_247_cov_8.775862,247,NA
NODE_919_length_247_cov_2.741379,247,NA
NODE_920_length_247_cov_2.729885,247,NA
NODE_921_length_247_cov_2.126437,247,NA
NODE_922_length_247_cov_1.224138,247,NA
NODE_923_length_247_cov_0.885057,247,NA
NODE_924_length_247_cov_0.885057,247,NA
NODE_925_length_247_cov_0.885057,247,NA
NODE_926_length_247_cov_0.885057,247,NA
NODE_927_length_247_cov_0.879310,247,NA
NODE_928_length_246_cov_49.630058,246,NA
NODE_929_length_246_cov_13.572254,246,NA
NODE_930_length_246_cov_5.774566,246,NA
NODE_931_length_246_cov_5.115607,246,NA
NODE_932_length_246_cov_4.173410,246,NA
NODE_933_length_246_cov_3.884393,246,NA
NODE_934_length_246_cov_1.699422,246,NA
NODE_935_length_246_cov_1.323699,246,NA
NODE_936_length_246_cov_1.040462,246,NA
NODE_937_length_246_cov_1.005780,246,NA
NODE_938_length_246_cov_0.890173,246,NA
NODE_939_length_246_cov_0.890173,246,NA
NODE_940_length_246_cov_0.872832,246,NA
NODE_941_length_245_cov_22.255814,245,NA
NODE_942_length_245_cov_4.918605,245,NA
NODE_943_length_245_cov_4.581395,245,NA
NODE_944_length_245_cov_4.406977,245,NA
NODE_945_length_245_cov_3.715116,245,NA
NODE_946_length_245_cov_3.168605,245,NA
NODE_947_length_245_cov_2.191860,245,NA
NODE_948_length_245_cov_2.116279,245,NA
NODE_949_length_245_cov_1.790698,245,NA
NODE_950_length_245_cov_1.790698,245,NA
NODE_951_length_245_cov_1.343023,245,NA
NODE_952_length_245_cov_1.273256,245,NA
NODE_953_length_245_cov_1.273256,245,NA
NODE_954_length_245_cov_0.895349,245,NA
NODE_955_length_245_cov_0.895349,245,NA
NODE_956_length_244_cov_23.181287,244,NA
NODE_957_length_244_cov_4.485380,244,NA
NODE_958_length_244_cov_2.321637,244,NA
NODE_959_length_244_cov_2.251462,244,NA
NODE_960_length_244_cov_2.169591,244,NA
NODE_961_length_244_cov_1.783626,244,NA
NODE_962_length_244_cov_1.409357,244,NA
NODE_963_length_244_cov_1.350877,244,NA
NODE_964_length_244_cov_1.350877,244,NA
NODE_965_length_244_cov_1.350877,244,NA
NODE_966_length_244_cov_1.263158,244,NA
NODE_967_length_244_cov_0.900585,244,NA
NODE_968_length_244_cov_0.900585,244,NA
NODE_969_length_244_cov_0.894737,244,NA
NODE_970_length_243_cov_67.588235,243,NA
NODE_971_length_243_cov_12.394118,243,NA
NODE_972_length_243_cov_3.388235,243,NA
NODE_973_length_243_cov_3.270588,243,NA
NODE_974_length_243_cov_2.764706,243,NA
NODE_975_length_243_cov_2.258824,243,NA
NODE_976_length_243_cov_1.911765,243,NA
NODE_977_length_243_cov_1.752941,243,NA
NODE_978_length_243_cov_1.376471,243,NA
NODE_979_length_243_cov_1.276471,243,NA
NODE_980_length_243_cov_1.135294,243,NA
NODE_981_length_243_cov_1.005882,243,NA
NODE_982_length_243_cov_0.917647,243,NA
NODE_983_length_243_cov_0.905882,243,NA
NODE_984_length_243_cov_0.905882,243,NA
NODE_985_length_242_cov_35.136095,242,NA
NODE_986_length_242_cov_6.757396,242,NA
NODE_987_length_242_cov_5.923077,242,NA
NODE_988_length_242_cov_3.532544,242,NA
NODE_989_length_242_cov_2.538462,242,NA
NODE_990_length_242_cov_2.189349,242,NA
NODE_991_length_242_cov_2.136095,242,NA
NODE_992_length_242_cov_2.136095,242,NA
NODE_993_length_242_cov_1.177515,242,NA
NODE_994_length_242_cov_1.059172,242,NA
NODE_995_length_242_cov_0.911243,242,NA
NODE_996_length_242_cov_0.816568,242,NA
NODE_997_length_241_cov_9.380952,241,NA
NODE_998_length_241_cov_5.696429,241,NA
NODE_999_length_241_cov_2.422619,241,NA
NODE_1000_length_241_cov_2.261905,241,NA
NODE_1001_length_241_cov_2.214286,241,NA
NODE_1002_length_241_cov_1.660714,241,NA
NODE_1003_length_241_cov_1.166667,241,NA
NODE_1004_length_241_cov_1.166667,241,NA
NODE_1005_length_241_cov_1.154762,241,NA
NODE_1006_length_241_cov_0.994048,241,NA
NODE_1007_length_240_cov_28.718563,240,NA
NODE_1008_length_240_cov_10.724551,240,NA
NODE_1009_length_240_cov_5.167665,240,NA
NODE_1010_length_240_cov_4.892216,240,NA
NODE_1011_length_240_cov_3.808383,240,NA
NODE_1012_length_240_cov_3.365269,240,NA
NODE_1013_length_240_cov_1.850299,240,NA
NODE_1014_length_240_cov_1.149701,240,NA
NODE_1015_length_240_cov_0.922156,240,NA
NODE_1016_length_240_cov_0.922156,240,NA
NODE_1017_length_240_cov_0.898204,240,NA
NODE_1018_length_239_cov_24.698795,239,NA
NODE_1019_length_239_cov_9.650602,239,NA
NODE_1020_length_239_cov_6.861446,239,NA
NODE_1021_length_239_cov_4.656627,239,NA
NODE_1022_length_239_cov_4.144578,239,NA
NODE_1023_length_239_cov_4.060241,239,NA
NODE_1024_length_239_cov_3.849398,239,NA
NODE_1025_length_239_cov_3.740964,239,NA
NODE_1026_length_239_cov_3.704819,239,NA
NODE_1027_length_239_cov_2.493976,239,NA
NODE_1028_length_239_cov_1.855422,239,NA
NODE_1029_length_239_cov_1.777108,239,NA
NODE_1030_length_239_cov_1.391566,239,NA
NODE_1031_length_239_cov_1.210843,239,NA
NODE_1032_length_239_cov_1.054217,239,NA
NODE_1033_length_239_cov_1.036145,239,11103
NODE_1034_length_239_cov_0.927711,239,NA
NODE_1035_length_239_cov_0.927711,239,NA
NODE_1036_length_239_cov_0.909639,239,NA
NODE_1037_length_238_cov_11.945455,238,NA
NODE_1038_length_238_cov_2.981818,238,NA
NODE_1039_length_238_cov_2.800000,238,NA
NODE_1040_length_238_cov_2.327273,238,NA
NODE_1041_length_238_cov_2.290909,238,NA
NODE_1042_length_238_cov_1.866667,238,NA
NODE_1043_length_238_cov_1.296970,238,NA
NODE_1044_length_238_cov_1.103030,238,NA
NODE_1045_length_238_cov_1.036364,238,NA
NODE_1046_length_238_cov_0.933333,238,NA
NODE_1047_length_238_cov_0.860606,238,NA
NODE_1048_length_237_cov_5.524390,237,NA
NODE_1049_length_237_cov_4.414634,237,NA
NODE_1050_length_237_cov_2.554878,237,NA
NODE_1051_length_237_cov_1.878049,237,NA
NODE_1052_length_237_cov_1.878049,237,NA
NODE_1053_length_237_cov_1.878049,237,NA
NODE_1054_length_237_cov_1.878049,237,NA
NODE_1055_length_237_cov_1.865854,237,NA
NODE_1056_length_237_cov_1.445122,237,NA
NODE_1057_length_237_cov_1.408537,237,NA
NODE_1058_length_237_cov_1.402439,237,NA
NODE_1059_length_237_cov_1.182927,237,NA
NODE_1060_length_237_cov_1.158537,237,NA
NODE_1061_length_237_cov_0.939024,237,NA
NODE_1062_length_237_cov_0.939024,237,NA
NODE_1063_length_237_cov_0.865854,237,NA
NODE_1064_length_236_cov_39.447853,236,NA
NODE_1065_length_236_cov_11.484663,236,NA
NODE_1066_length_236_cov_3.564417,236,NA
NODE_1067_length_236_cov_3.515337,236,NA
NODE_1068_length_236_cov_2.957055,236,NA
NODE_1069_length_236_cov_2.662577,236,NA
NODE_1070_length_236_cov_2.202454,236,NA
NODE_1071_length_236_cov_2.098160,236,NA
NODE_1072_length_236_cov_1.907975,236,NA
NODE_1073_length_236_cov_1.742331,236,NA
NODE_1074_length_236_cov_1.736196,236,NA
NODE_1075_length_236_cov_1.558282,236,NA
NODE_1076_length_236_cov_1.417178,236,NA
NODE_1077_length_236_cov_1.355828,236,NA
NODE_1078_length_236_cov_1.208589,236,NA
NODE_1079_length_236_cov_0.944785,236,NA
NODE_1080_length_235_cov_8.462963,235,NA
NODE_1081_length_235_cov_4.858025,235,NA
NODE_1082_length_235_cov_3.839506,235,NA
NODE_1083_length_235_cov_3.327160,235,NA
NODE_1084_length_235_cov_2.302469,235,NA
NODE_1085_length_235_cov_2.290123,235,NA
NODE_1086_length_235_cov_1.901235,235,NA
NODE_1087_length_235_cov_1.895062,235,NA
NODE_1088_length_235_cov_1.425926,235,NA
NODE_1089_length_235_cov_1.191358,235,NA
NODE_1090_length_235_cov_1.148148,235,NA
NODE_1091_length_235_cov_0.950617,235,NA
NODE_1092_length_235_cov_0.950617,235,NA
NODE_1093_length_235_cov_0.864198,235,NA
NODE_1094_length_234_cov_7.515528,234,NA
NODE_1095_length_234_cov_3.347826,234,NA
NODE_1096_length_234_cov_2.341615,234,NA
NODE_1097_length_234_cov_1.987578,234,NA
NODE_1098_length_234_cov_1.881988,234,NA
NODE_1099_length_234_cov_1.714286,234,NA
NODE_1100_length_234_cov_1.434783,234,NA
NODE_1101_length_234_cov_1.335404,234,NA
NODE_1102_length_234_cov_1.204969,234,NA
NODE_1103_length_234_cov_1.167702,234,NA
NODE_1104_length_234_cov_1.062112,234,NA
NODE_1105_length_234_cov_0.869565,234,NA
NODE_1106_length_234_cov_0.863354,234,NA
NODE_1107_length_233_cov_7.218750,233,NA
NODE_1108_length_233_cov_5.118750,233,NA
NODE_1109_length_233_cov_3.525000,233,NA
NODE_1110_length_233_cov_3.325000,233,NA
NODE_1111_length_233_cov_3.131250,233,NA
NODE_1112_length_233_cov_2.406250,233,NA
NODE_1113_length_233_cov_2.368750,233,NA
NODE_1114_length_233_cov_2.318750,233,NA
NODE_1115_length_233_cov_1.925000,233,NA
NODE_1116_length_233_cov_1.925000,233,NA
NODE_1117_length_233_cov_1.743750,233,NA
NODE_1118_length_233_cov_1.443750,233,NA
NODE_1119_length_233_cov_1.356250,233,NA
NODE_1120_length_233_cov_1.343750,233,NA
NODE_1121_length_233_cov_1.006250,233,NA
NODE_1122_length_233_cov_0.962500,233,NA
NODE_1123_length_233_cov_0.937500,233,NA
NODE_1124_length_233_cov_0.925000,233,NA
NODE_1125_length_233_cov_0.868750,233,NA
NODE_1126_length_232_cov_4.358491,232,NA
NODE_1127_length_232_cov_2.465409,232,NA
NODE_1128_length_232_cov_2.421384,232,NA
NODE_1129_length_232_cov_1.937107,232,NA
NODE_1130_length_232_cov_1.930818,232,NA
NODE_1131_length_232_cov_1.031447,232,NA
NODE_1132_length_232_cov_0.968553,232,NA
NODE_1133_length_232_cov_0.893082,232,NA
NODE_1134_length_232_cov_0.880503,232,NA
NODE_1135_length_231_cov_34.962025,231,37124
NODE_1136_length_231_cov_31.025316,231,37124
NODE_1137_length_231_cov_18.196203,231,NA
NODE_1138_length_231_cov_7.037975,231,NA
NODE_1139_length_231_cov_3.379747,231,NA
NODE_1140_length_231_cov_3.341772,231,NA
NODE_1141_length_231_cov_2.879747,231,NA
NODE_1142_length_231_cov_2.037975,231,NA
NODE_1143_length_231_cov_1.259494,231,NA
NODE_1144_length_231_cov_1.031646,231,NA
NODE_1145_length_231_cov_0.974684,231,NA
NODE_1146_length_231_cov_0.974684,231,NA
NODE_1147_length_231_cov_0.867089,231,NA
NODE_1148_length_230_cov_6.528662,230,NA
NODE_1149_length_230_cov_4.904459,230,NA
NODE_1150_length_230_cov_4.681529,230,NA
NODE_1151_length_230_cov_4.057325,230,NA
NODE_1152_length_230_cov_3.019108,230,NA
NODE_1153_length_230_cov_2.828025,230,NA
NODE_1154_length_230_cov_2.165605,230,NA
NODE_1155_length_230_cov_1.936306,230,NA
NODE_1156_length_230_cov_1.751592,230,NA
NODE_1157_length_230_cov_1.445860,230,NA
NODE_1158_length_230_cov_0.980892,230,NA
NODE_1159_length_230_cov_0.974522,230,NA
NODE_1160_length_230_cov_0.955414,230,NA
NODE_1161_length_230_cov_0.898089,230,NA
NODE_1162_length_229_cov_3.442308,229,NA
NODE_1163_length_229_cov_2.519231,229,NA
NODE_1164_length_229_cov_2.467949,229,NA
NODE_1165_length_229_cov_2.269231,229,NA
NODE_1166_length_229_cov_1.480769,229,NA
NODE_1167_length_229_cov_1.275641,229,NA
NODE_1168_length_229_cov_1.269231,229,NA
NODE_1169_length_229_cov_0.987179,229,NA
NODE_1170_length_229_cov_0.871795,229,NA
NODE_1171_length_229_cov_0.852564,229,NA
NODE_1172_length_229_cov_0.833333,229,NA
NODE_1173_length_228_cov_3.470968,228,NA
NODE_1174_length_228_cov_2.864516,228,NA
NODE_1175_length_228_cov_2.748387,228,NA
NODE_1176_length_228_cov_2.148387,228,NA
NODE_1177_length_228_cov_1.987097,228,NA
NODE_1178_length_228_cov_1.819355,228,NA
NODE_1179_length_228_cov_1.619355,228,NA
NODE_1180_length_228_cov_1.490323,228,NA
NODE_1181_length_228_cov_1.400000,228,NA
NODE_1182_length_228_cov_0.993548,228,NA
NODE_1183_length_228_cov_0.993548,228,NA
NODE_1184_length_228_cov_0.864516,228,NA
NODE_1185_length_227_cov_8.889610,227,NA
NODE_1186_length_227_cov_5.402597,227,NA
NODE_1187_length_227_cov_4.980519,227,NA
NODE_1188_length_227_cov_3.227273,227,NA
NODE_1189_length_227_cov_3.038961,227,NA
NODE_1190_length_227_cov_1.954545,227,NA
NODE_1191_length_227_cov_1.909091,227,NA
NODE_1192_length_227_cov_1.727273,227,NA
NODE_1193_length_227_cov_1.415584,227,NA
NODE_1194_length_227_cov_1.305195,227,NA
NODE_1195_length_227_cov_1.201299,227,NA
NODE_1196_length_227_cov_1.000000,227,NA
NODE_1197_length_227_cov_0.967532,227,NA
NODE_1198_length_226_cov_11.921569,226,NA
NODE_1199_length_226_cov_9.254902,226,NA
NODE_1200_length_226_cov_4.849673,226,NA
NODE_1201_length_226_cov_4.163399,226,NA
NODE_1202_length_226_cov_3.437908,226,NA
NODE_1203_length_226_cov_3.045752,226,NA
NODE_1204_length_226_cov_2.921569,226,NA
NODE_1205_length_226_cov_2.666667,226,NA
NODE_1206_length_226_cov_2.535948,226,NA
NODE_1207_length_226_cov_2.516340,226,NA
NODE_1208_length_226_cov_2.169935,226,NA
NODE_1209_length_226_cov_2.006536,226,NA
NODE_1210_length_226_cov_1.803922,226,NA
NODE_1211_length_226_cov_1.797386,226,NA
NODE_1212_length_226_cov_1.509804,226,NA
NODE_1213_length_226_cov_1.202614,226,NA
NODE_1214_length_226_cov_1.065359,226,NA
NODE_1215_length_226_cov_1.000000,226,NA
NODE_1216_length_225_cov_6.519737,225,NA
NODE_1217_length_225_cov_3.638158,225,NA
NODE_1218_length_225_cov_3.118421,225,NA
NODE_1219_length_225_cov_2.026316,225,NA
NODE_1220_length_225_cov_2.019737,225,NA
NODE_1221_length_225_cov_1.802632,225,NA
NODE_1222_length_225_cov_1.703947,225,NA
NODE_1223_length_225_cov_1.250000,225,NA
NODE_1224_length_225_cov_1.019737,225,NA
NODE_1225_length_225_cov_1.000000,225,NA
NODE_1226_length_225_cov_1.000000,225,NA
NODE_1227_length_225_cov_0.993421,225,NA
NODE_1228_length_225_cov_0.875000,225,NA
NODE_1229_length_225_cov_0.848684,225,NA
NODE_1230_length_225_cov_0.835526,225,NA
NODE_1231_length_224_cov_13.211921,224,NA
NODE_1232_length_224_cov_9.112583,224,NA
NODE_1233_length_224_cov_8.847682,224,NA
NODE_1234_length_224_cov_4.807947,224,NA
NODE_1235_length_224_cov_4.635762,224,NA
NODE_1236_length_224_cov_3.821192,224,NA
NODE_1237_length_224_cov_2.721854,224,NA
NODE_1238_length_224_cov_1.735099,224,NA
NODE_1239_length_224_cov_1.523179,224,NA
NODE_1240_length_224_cov_1.251656,224,NA
NODE_1241_length_224_cov_1.211921,224,NA
NODE_1242_length_224_cov_1.132450,224,NA
NODE_1243_length_224_cov_1.019868,224,NA
NODE_1244_length_224_cov_1.019868,224,NA
NODE_1245_length_224_cov_1.006623,224,NA
NODE_1246_length_224_cov_1.000000,224,NA
NODE_1247_length_224_cov_0.900662,224,NA
NODE_1248_length_224_cov_0.887417,224,NA
NODE_1249_length_221_cov_2.297297,221,NA
NODE_1250_length_220_cov_4.843537,220,NA
NODE_1251_length_220_cov_2.006803,220,NA
NODE_1252_length_218_cov_37.317241,218,NA
NODE_1253_length_216_cov_1.041958,216,NA
NODE_1254_length_215_cov_4.063380,215,NA
NODE_1255_length_212_cov_7.237410,212,NA
NODE_1256_length_209_cov_48.191176,209,NA
NODE_1257_length_208_cov_2.837037,208,NA
NODE_1258_length_207_cov_11.985075,207,NA
NODE_1259_length_205_cov_16.606061,205,NA
NODE_1260_length_205_cov_2.901515,205,NA
NODE_1261_length_204_cov_2.290076,204,NA
NODE_1262_length_202_cov_14.170543,202,NA
NODE_1263_length_202_cov_3.302326,202,NA
NODE_1264_length_201_cov_11.414062,201,NA
NODE_1265_length_196_cov_5.398374,196,NA
NODE_1266_length_196_cov_4.227642,196,NA
NODE_1267_length_192_cov_52.554622,192,NA
NODE_1268_length_191_cov_1.974576,191,NA
NODE_1269_length_191_cov_1.466102,191,NA
NODE_1270_length_190_cov_8.874525,190,NA
NODE_1271_length_190_cov_1.538462,190,NA
NODE_1272_length_189_cov_2.500000,189,NA
NODE_1273_length_189_cov_1.336207,189,NA
NODE_1274_length_184_cov_19.414414,184,NA
NODE_1275_length_184_cov_3.432432,184,NA
NODE_1276_length_182_cov_4.284404,182,NA
NODE_1277_length_181_cov_7.888889,181,NA
NODE_1278_length_181_cov_5.564815,181,NA
NODE_1279_length_180_cov_5.943925,180,NA
NODE_1280_length_179_cov_24.933962,179,NA
NODE_1281_length_178_cov_2.152381,178,NA
NODE_1282_length_177_cov_68.855769,177,NA
NODE_1283_length_176_cov_5.951456,176,NA
NODE_1284_length_176_cov_1.048544,176,NA
NODE_1285_length_174_cov_7.118812,174,NA
NODE_1286_length_173_cov_11.640000,173,NA
NODE_1287_length_172_cov_1.131313,172,NA
NODE_1288_length_171_cov_7.224490,171,NA
NODE_1289_length_171_cov_3.489796,171,NA
NODE_1290_length_171_cov_2.734694,171,NA
NODE_1291_length_169_cov_5.729167,169,NA
NODE_1292_length_169_cov_1.166667,169,NA
NODE_1293_length_167_cov_6.202128,167,NA
NODE_1294_length_167_cov_2.414894,167,NA
NODE_1295_length_166_cov_5.225806,166,NA
NODE_1296_length_166_cov_1.935484,166,NA
NODE_1297_length_165_cov_17.793478,165,NA
NODE_1298_length_165_cov_5.576087,165,NA
NODE_1299_length_165_cov_1.826087,165,NA
NODE_1300_length_164_cov_1.032967,164,NA
NODE_1301_length_162_cov_6.516854,162,NA
NODE_1302_length_160_cov_3.183908,160,NA
NODE_1303_length_160_cov_2.620690,160,NA
NODE_1304_length_159_cov_11.081395,159,NA
NODE_1305_length_157_cov_6.333333,157,NA
NODE_1306_length_157_cov_4.440476,157,NA
NODE_1307_length_156_cov_2.421687,156,NA
NODE_1308_length_155_cov_5.256098,155,NA
NODE_1309_length_155_cov_3.841463,155,NA
NODE_1310_length_154_cov_2.444444,154,NA
NODE_1311_length_154_cov_2.246914,154,NA
NODE_1312_length_154_cov_1.308642,154,NA
NODE_1313_length_153_cov_2.750000,153,NA
NODE_1314_length_152_cov_3.139241,152,NA
NODE_1315_length_152_cov_1.113924,152,NA
NODE_1316_length_150_cov_52.363636,150,NA
NODE_1317_length_150_cov_14.714286,150,NA
NODE_1318_length_149_cov_2.815789,149,NA
NODE_1319_length_148_cov_3.040000,148,NA
NODE_1320_length_147_cov_3.729730,147,NA
NODE_1321_length_147_cov_2.297297,147,NA
NODE_1322_length_147_cov_1.864865,147,NA
NODE_1323_length_146_cov_6.315068,146,NA
NODE_1324_length_146_cov_2.616438,146,NA
NODE_1325_length_145_cov_3.500000,145,NA
NODE_1326_length_145_cov_3.083333,145,NA
NODE_1327_length_144_cov_34.718310,144,NA
NODE_1328_length_144_cov_13.549296,144,NA
NODE_1329_length_144_cov_7.929577,144,NA
NODE_1330_length_144_cov_7.422535,144,NA
NODE_1331_length_144_cov_5.802817,144,NA
NODE_1332_length_144_cov_5.774648,144,NA
NODE_1333_length_144_cov_5.239437,144,NA
NODE_1334_length_144_cov_3.352113,144,NA
NODE_1335_length_144_cov_2.521127,144,NA
NODE_1336_length_143_cov_101.314286,143,NA
NODE_1337_length_143_cov_19.457143,143,NA
NODE_1338_length_143_cov_16.042857,143,NA
NODE_1339_length_143_cov_12.100000,143,NA
NODE_1340_length_143_cov_10.771429,143,NA
NODE_1341_length_143_cov_9.900000,143,NA
NODE_1342_length_143_cov_7.685714,143,NA
NODE_1343_length_143_cov_7.642857,143,NA
NODE_1344_length_143_cov_6.557143,143,NA
NODE_1345_length_143_cov_6.285714,143,NA
NODE_1346_length_143_cov_3.771429,143,NA
NODE_1347_length_143_cov_3.685714,143,NA
NODE_1348_length_143_cov_3.000000,143,NA
NODE_1349_length_143_cov_2.942857,143,NA
NODE_1350_length_142_cov_47.188406,142,NA
NODE_1351_length_142_cov_21.231884,142,NA
NODE_1352_length_142_cov_13.710145,142,NA
NODE_1353_length_142_cov_9.826087,142,NA
NODE_1354_length_142_cov_8.565217,142,NA
NODE_1355_length_142_cov_8.434783,142,NA
NODE_1356_length_142_cov_6.753623,142,NA
NODE_1357_length_142_cov_6.405797,142,NA
NODE_1358_length_142_cov_6.043478,142,NA
NODE_1359_length_142_cov_4.159420,142,NA
NODE_1360_length_142_cov_3.347826,142,NA
NODE_1361_length_142_cov_2.942029,142,NA
NODE_1362_length_142_cov_2.637681,142,NA
NODE_1363_length_141_cov_42.352941,141,NA
NODE_1364_length_141_cov_19.823529,141,NA
NODE_1365_length_141_cov_9.308824,141,NA
NODE_1366_length_141_cov_7.573529,141,NA
NODE_1367_length_141_cov_5.161765,141,NA
NODE_1368_length_141_cov_5.073529,141,NA
NODE_1369_length_141_cov_4.000000,141,NA
NODE_1370_length_141_cov_3.588235,141,NA
NODE_1371_length_141_cov_3.029412,141,NA
NODE_1372_length_141_cov_3.000000,141,NA
NODE_1373_length_140_cov_26.611940,140,NA
NODE_1374_length_140_cov_14.164179,140,NA
NODE_1375_length_140_cov_5.552239,140,NA
NODE_1376_length_140_cov_5.537313,140,NA
NODE_1377_length_140_cov_5.253731,140,NA
NODE_1378_length_140_cov_3.910448,140,NA
NODE_1379_length_139_cov_45.939394,139,NA
NODE_1380_length_139_cov_30.424242,139,NA
NODE_1381_length_139_cov_12.363636,139,NA
NODE_1382_length_139_cov_9.106061,139,NA
NODE_1383_length_139_cov_6.363636,139,NA
NODE_1384_length_139_cov_5.015152,139,NA
NODE_1385_length_139_cov_4.212121,139,NA
NODE_1386_length_139_cov_2.515152,139,NA
NODE_1387_length_138_cov_43.215385,138,NA
NODE_1388_length_138_cov_26.861538,138,NA
NODE_1389_length_138_cov_3.907692,138,NA
NODE_1390_length_137_cov_10.281250,137,NA
NODE_1391_length_137_cov_8.796875,137,NA
NODE_1392_length_137_cov_5.546875,137,NA
NODE_1393_length_137_cov_3.312500,137,NA
NODE_1394_length_136_cov_50.968254,136,NA
NODE_1395_length_136_cov_9.603175,136,NA
NODE_1396_length_135_cov_40.241935,135,NA
NODE_1397_length_135_cov_3.000000,135,NA
NODE_1398_length_134_cov_26.967213,134,NA
NODE_1399_length_133_cov_38.683333,133,NA
NODE_1400_length_133_cov_11.066667,133,NA
NODE_1401_length_132_cov_19.983051,132,NA
NODE_1402_length_131_cov_9.603448,131,NA
NODE_1403_length_131_cov_4.568966,131,NA
NODE_1404_length_130_cov_46.982456,130,NA
NODE_1405_length_128_cov_138.509091,128,NA
NODE_1406_length_128_cov_3.490909,128,NA
NODE_1407_length_126_cov_5.339623,126,NA
NODE_1408_length_124_cov_20.137255,124,NA
NODE_1409_length_118_cov_271.600000,118,NA
NODE_1410_length_118_cov_31.822222,118,NA
NODE_1411_length_117_cov_20.681818,117,NA
NODE_1412_length_117_cov_16.272727,117,NA
NODE_1413_length_117_cov_1.000000,117,NA
NODE_1414_length_116_cov_3.674419,116,NA
NODE_1415_length_116_cov_1.162791,116,NA
NODE_1416_length_115_cov_202.047619,115,NA
NODE_1417_length_115_cov_10.452381,115,NA
NODE_1418_length_113_cov_45.575000,113,NA
NODE_1419_length_113_cov_2.400000,113,NA
NODE_1420_length_112_cov_27.692308,112,NA
NODE_1421_length_112_cov_12.102564,112,NA
NODE_1422_length_112_cov_2.743590,112,NA
NODE_1423_length_111_cov_19.894737,111,NA
NODE_1424_length_110_cov_268.108108,110,NA
NODE_1425_length_109_cov_36.833333,109,NA
NODE_1426_length_109_cov_16.333333,109,NA
NODE_1427_length_109_cov_10.500000,109,NA
NODE_1428_length_108_cov_30.771429,108,NA
NODE_1429_length_108_cov_9.400000,108,NA
NODE_1430_length_107_cov_13.352941,107,NA
NODE_1431_length_106_cov_19.454545,106,NA
NODE_1432_length_104_cov_235.387097,104,NA
NODE_1433_length_104_cov_60.064516,104,NA
NODE_1434_length_104_cov_31.129032,104,NA
NODE_1435_length_104_cov_26.096774,104,NA
NODE_1436_length_103_cov_96.333333,103,NA
NODE_1437_length_103_cov_9.466667,103,NA
NODE_1438_length_103_cov_6.900000,103,NA
NODE_1439_length_103_cov_3.533333,103,NA
NODE_1440_length_103_cov_3.466667,103,NA
NODE_1441_length_101_cov_35.392857,101,NA
NODE_1442_length_100_cov_70.925926,100,NA
NODE_1443_length_99_cov_97.384615,99,NA
NODE_1444_length_98_cov_10.440000,98,NA
NODE_1445_length_98_cov_9.800000,98,NA
NODE_1446_length_98_cov_7.080000,98,NA
NODE_1447_length_97_cov_35.958333,97,NA
NODE_1448_length_97_cov_23.500000,97,NA
NODE_1449_length_97_cov_18.375000,97,NA
NODE_1450_length_95_cov_153.272727,95,NA
NODE_1451_length_94_cov_48.476190,94,NA
NODE_1452_length_94_cov_38.476190,94,NA
NODE_1453_length_94_cov_29.761905,94,NA
NODE_1454_length_93_cov_65.600000,93,NA
NODE_1455_length_93_cov_59.150000,93,NA
NODE_1456_length_93_cov_11.650000,93,NA
NODE_1457_length_93_cov_8.200000,93,NA
NODE_1458_length_93_cov_7.450000,93,NA
NODE_1459_length_92_cov_180.473684,92,NA
NODE_1460_length_92_cov_10.473684,92,NA
NODE_1461_length_92_cov_10.473684,92,NA
NODE_1462_length_92_cov_7.210526,92,NA
NODE_1463_length_91_cov_38.666667,91,NA
NODE_1464_length_91_cov_2.777778,91,NA
NODE_1465_length_90_cov_27.411765,90,NA
NODE_1466_length_90_cov_8.411765,90,NA
NODE_1467_length_90_cov_7.000000,90,NA
NODE_1468_length_89_cov_18.812500,89,NA
NODE_1469_length_89_cov_7.125000,89,NA
NODE_1470_length_88_cov_30.466667,88,NA
NODE_1471_length_88_cov_4.000000,88,NA
NODE_1472_length_87_cov_6.500000,87,NA
NODE_1473_length_86_cov_33.384615,86,NA
NODE_1474_length_85_cov_36.250000,85,NA
NODE_1475_length_84_cov_19.181818,84,NA
NODE_1476_length_84_cov_18.454545,84,NA
NODE_1477_length_84_cov_16.272727,84,NA
NODE_1478_length_84_cov_12.545455,84,NA
NODE_1479_length_84_cov_5.909091,84,NA
NODE_1480_length_83_cov_24.700000,83,NA
NODE_1481_length_83_cov_3.800000,83,NA
NODE_1482_length_82_cov_196.666667,82,NA
NODE_1483_length_82_cov_47.444444,82,NA
NODE_1484_length_82_cov_5.222222,82,NA
NODE_1485_length_81_cov_62.875000,81,NA
NODE_1486_length_81_cov_14.125000,81,NA
NODE_1487_length_81_cov_12.125000,81,NA
NODE_1488_length_80_cov_59.857143,80,NA
NODE_1489_length_80_cov_40.571429,80,NA
NODE_1490_length_80_cov_33.285714,80,NA
NODE_1491_length_80_cov_16.142857,80,NA
NODE_1492_length_79_cov_573.500000,79,NA
NODE_1493_length_79_cov_96.333333,79,NA
NODE_1494_length_79_cov_18.333333,79,NA
NODE_1495_length_79_cov_7.000000,79,NA
NODE_1496_length_79_cov_1.000000,79,NA
NODE_1497_length_78_cov_24.600000,78,NA
NODE_1498_length_77_cov_24.500000,77,NA
NODE_1499_length_77_cov_11.000000,77,NA
NODE_1500_length_76_cov_19.000000,76,NA
NODE_1501_length_76_cov_14.666667,76,NA
NODE_1502_length_75_cov_182.000000,75,NA
NODE_1503_length_75_cov_30.000000,75,NA
NODE_1504_length_75_cov_17.000000,75,NA
NODE_1505_length_75_cov_15.000000,75,NA
NODE_1506_length_75_cov_2.500000,75,NA
NODE_1507_length_74_cov_38.000000,74,NA
NODE_1508_length_74_cov_30.000000,74,NA
NODE_1509_length_74_cov_7.000000,74,NA
